nom_compteur,id_local_compteur,code_com,xlong,ylat
Baix,200000867,07022,44.711910,4.764110
,200000868,07022,44.711911,4.764111
